"VarName","TimeString","VarValue","Validity","Time_ms"
"$RT_OFF$","12/8/2025 9:15:43 PM",0,2,45999885914.3287
"setpoint","12/8/2025 9:17:02 PM",100,1,45999886823.4954
"level","12/8/2025 9:17:02 PM",92.03559,1,45999886823.4954
"kp","12/8/2025 9:17:02 PM",4,1,45999886823.4954
"ti","12/8/2025 9:17:02 PM",0,1,45999886823.4954
"td","12/8/2025 9:17:02 PM",0,1,45999886823.4954
"setpoint","12/8/2025 9:17:07 PM",100,1,45999886881.713
"level","12/8/2025 9:17:07 PM",92.02474,1,45999886881.713
"kp","12/8/2025 9:17:07 PM",4,1,45999886881.713
"ti","12/8/2025 9:17:07 PM",0,1,45999886881.713
"td","12/8/2025 9:17:07 PM",0,1,45999886881.713
"setpoint","12/8/2025 9:17:12 PM",100,1,45999886944.838
"level","12/8/2025 9:17:12 PM",92.02474,1,45999886944.838
"kp","12/8/2025 9:17:12 PM",4,1,45999886944.838
"ti","12/8/2025 9:17:12 PM",0,1,45999886944.838
"td","12/8/2025 9:17:12 PM",0,1,45999886944.838
"setpoint","12/8/2025 9:17:17 PM",100,1,45999887007.9977
"level","12/8/2025 9:17:17 PM",92.02474,1,45999887007.9977
"kp","12/8/2025 9:17:17 PM",4,1,45999887007.9977
"ti","12/8/2025 9:17:17 PM",0,1,45999887007.9977
"td","12/8/2025 9:17:17 PM",0,1,45999887007.9977
"setpoint","12/8/2025 9:17:23 PM",100,1,45999887071.331
"level","12/8/2025 9:17:23 PM",92.02474,1,45999887071.331
"kp","12/8/2025 9:17:23 PM",4,1,45999887071.331
"ti","12/8/2025 9:17:23 PM",0,1,45999887071.331
"td","12/8/2025 9:17:23 PM",0,1,45999887071.331
"setpoint","12/8/2025 9:17:28 PM",100,1,45999887132.9514
"level","12/8/2025 9:17:28 PM",92.02474,1,45999887132.9514
"kp","12/8/2025 9:17:28 PM",4,1,45999887132.9514
"ti","12/8/2025 9:17:28 PM",0,1,45999887132.9514
"td","12/8/2025 9:17:28 PM",0,1,45999887132.9514
"setpoint","12/8/2025 9:17:33 PM",100,1,45999887191.088
"level","12/8/2025 9:17:33 PM",92.02474,1,45999887191.088
"kp","12/8/2025 9:17:33 PM",4,1,45999887191.088
"ti","12/8/2025 9:17:33 PM",0,1,45999887191.088
"td","12/8/2025 9:17:33 PM",0,1,45999887191.088
"setpoint","12/8/2025 9:17:38 PM",100,1,45999887249.294
"level","12/8/2025 9:17:38 PM",92.03559,1,45999887249.294
"kp","12/8/2025 9:17:38 PM",5,1,45999887249.294
"ti","12/8/2025 9:17:38 PM",0,1,45999887249.294
"td","12/8/2025 9:17:38 PM",0,1,45999887249.294
"setpoint","12/8/2025 9:17:43 PM",100,1,45999887307.4421
"level","12/8/2025 9:17:43 PM",94.39019,1,45999887307.4421
"kp","12/8/2025 9:17:43 PM",5,1,45999887307.4421
"ti","12/8/2025 9:17:43 PM",0,1,45999887307.4421
"td","12/8/2025 9:17:43 PM",0,1,45999887307.4421
"setpoint","12/8/2025 9:17:48 PM",100,1,45999887365.6134
"level","12/8/2025 9:17:48 PM",93.34853,1,45999887365.6134
"kp","12/8/2025 9:17:48 PM",5,1,45999887365.6134
"ti","12/8/2025 9:17:48 PM",0,1,45999887365.6134
"td","12/8/2025 9:17:48 PM",0,1,45999887365.6134
"setpoint","12/8/2025 9:17:53 PM",100,1,45999887423.7847
"level","12/8/2025 9:17:53 PM",93.46789,1,45999887423.7847
"kp","12/8/2025 9:17:53 PM",5,1,45999887423.7847
"ti","12/8/2025 9:17:53 PM",0,1,45999887423.7847
"td","12/8/2025 9:17:53 PM",0,1,45999887423.7847
"setpoint","12/8/2025 9:17:58 PM",100,1,45999887482.0023
"level","12/8/2025 9:17:58 PM",93.75,1,45999887482.0023
"kp","12/8/2025 9:17:58 PM",5,1,45999887482.0023
"ti","12/8/2025 9:17:58 PM",0,1,45999887482.0023
"td","12/8/2025 9:17:58 PM",0,1,45999887482.0023
"setpoint","12/8/2025 9:18:03 PM",100,1,45999887540.1736
"level","12/8/2025 9:18:03 PM",93.42448,1,45999887540.1736
"kp","12/8/2025 9:18:03 PM",6,1,45999887540.1736
"ti","12/8/2025 9:18:03 PM",0,1,45999887540.1736
"td","12/8/2025 9:18:03 PM",0,1,45999887540.1736
"setpoint","12/8/2025 9:18:08 PM",100,1,45999887598.3449
"level","12/8/2025 9:18:08 PM",95.33421,1,45999887598.3449
"kp","12/8/2025 9:18:08 PM",6,1,45999887598.3449
"ti","12/8/2025 9:18:08 PM",0,1,45999887598.3449
"td","12/8/2025 9:18:08 PM",0,1,45999887598.3449
"setpoint","12/8/2025 9:18:14 PM",100,1,45999887656.4931
"level","12/8/2025 9:18:14 PM",94.35764,1,45999887656.4931
"kp","12/8/2025 9:18:14 PM",6,1,45999887656.4931
"ti","12/8/2025 9:18:14 PM",0,1,45999887656.4931
"td","12/8/2025 9:18:14 PM",0,1,45999887656.4931
"setpoint","12/8/2025 9:18:19 PM",100,1,45999887714.6528
"level","12/8/2025 9:18:19 PM",94.50954,1,45999887714.6528
"kp","12/8/2025 9:18:19 PM",6,1,45999887714.6528
"ti","12/8/2025 9:18:19 PM",0,1,45999887714.6528
"td","12/8/2025 9:18:19 PM",0,1,45999887714.6528
"setpoint","12/8/2025 9:18:24 PM",100,1,45999887772.8588
"level","12/8/2025 9:18:24 PM",94.88932,1,45999887772.8588
"kp","12/8/2025 9:18:24 PM",6,1,45999887772.8588
"ti","12/8/2025 9:18:24 PM",0,1,45999887772.8588
"td","12/8/2025 9:18:24 PM",0,1,45999887772.8588
"setpoint","12/8/2025 9:18:29 PM",100,1,45999887830.9954
"level","12/8/2025 9:18:29 PM",94.28168,1,45999887830.9954
"kp","12/8/2025 9:18:29 PM",6,1,45999887830.9954
"ti","12/8/2025 9:18:29 PM",0,1,45999887830.9954
"td","12/8/2025 9:18:29 PM",0,1,45999887830.9954
"setpoint","12/8/2025 9:18:34 PM",100,1,45999887889.1319
"level","12/8/2025 9:18:34 PM",95.13889,1,45999887889.1319
"kp","12/8/2025 9:18:34 PM",7,1,45999887889.1319
"ti","12/8/2025 9:18:34 PM",0,1,45999887889.1319
"td","12/8/2025 9:18:34 PM",0,1,45999887889.1319
"setpoint","12/8/2025 9:18:39 PM",100,1,45999887947.2917
"level","12/8/2025 9:18:39 PM",95.75738,1,45999887947.2917
"kp","12/8/2025 9:18:39 PM",7,1,45999887947.2917
"ti","12/8/2025 9:18:39 PM",0,1,45999887947.2917
"td","12/8/2025 9:18:39 PM",0,1,45999887947.2917
"setpoint","12/8/2025 9:18:44 PM",100,1,45999888007.8472
"level","12/8/2025 9:18:44 PM",94.86762,1,45999888007.8472
"kp","12/8/2025 9:18:44 PM",7,1,45999888007.8472
"ti","12/8/2025 9:18:44 PM",0,1,45999888007.8472
"td","12/8/2025 9:18:44 PM",0,1,45999888007.8472
"setpoint","12/8/2025 9:18:49 PM",100,1,45999888066.007
"level","12/8/2025 9:18:49 PM",95.88759,1,45999888066.007
"kp","12/8/2025 9:18:49 PM",7,1,45999888066.007
"ti","12/8/2025 9:18:49 PM",0,1,45999888066.007
"td","12/8/2025 9:18:49 PM",0,1,45999888066.007
"setpoint","12/8/2025 9:18:54 PM",100,1,45999888124.1782
"level","12/8/2025 9:18:54 PM",94.88932,1,45999888124.1782
"kp","12/8/2025 9:18:54 PM",7,1,45999888124.1782
"ti","12/8/2025 9:18:54 PM",0,1,45999888124.1782
"td","12/8/2025 9:18:54 PM",0,1,45999888124.1782
"setpoint","12/8/2025 9:18:59 PM",100,1,45999888182.3843
"level","12/8/2025 9:18:59 PM",95.73567,1,45999888182.3843
"kp","12/8/2025 9:18:59 PM",7,1,45999888182.3843
"ti","12/8/2025 9:18:59 PM",0,1,45999888182.3843
"td","12/8/2025 9:18:59 PM",0,1,45999888182.3843
"setpoint","12/8/2025 9:19:04 PM",100,1,45999888240.544
"level","12/8/2025 9:19:04 PM",95.14973,1,45999888240.544
"kp","12/8/2025 9:19:04 PM",7,1,45999888240.544
"ti","12/8/2025 9:19:04 PM",0,1,45999888240.544
"td","12/8/2025 9:19:04 PM",0,1,45999888240.544
"setpoint","12/8/2025 9:19:09 PM",100,1,45999888302.2917
"level","12/8/2025 9:19:09 PM",95.42101,1,45999888302.2917
"kp","12/8/2025 9:19:09 PM",7,1,45999888302.2917
"ti","12/8/2025 9:19:09 PM",0,1,45999888302.2917
"td","12/8/2025 9:19:09 PM",0,1,45999888302.2917
"setpoint","12/8/2025 9:19:15 PM",100,1,45999888365.3125
"level","12/8/2025 9:19:15 PM",95.21484,1,45999888365.3125
"kp","12/8/2025 9:19:15 PM",7,1,45999888365.3125
"ti","12/8/2025 9:19:15 PM",0,1,45999888365.3125
"td","12/8/2025 9:19:15 PM",0,1,45999888365.3125
"setpoint","12/8/2025 9:19:20 PM",100,1,45999888423.5185
"level","12/8/2025 9:19:20 PM",95.36675,1,45999888423.5185
"kp","12/8/2025 9:19:20 PM",7,1,45999888423.5185
"ti","12/8/2025 9:19:20 PM",0,1,45999888423.5185
"td","12/8/2025 9:19:20 PM",0,1,45999888423.5185
"setpoint","12/8/2025 9:19:25 PM",100,1,45999888481.6782
"level","12/8/2025 9:19:25 PM",95.49696,1,45999888481.6782
"kp","12/8/2025 9:19:25 PM",7,1,45999888481.6782
"ti","12/8/2025 9:19:25 PM",0,1,45999888481.6782
"td","12/8/2025 9:19:25 PM",0,1,45999888481.6782
"setpoint","12/8/2025 9:19:30 PM",100,1,45999888539.8958
"level","12/8/2025 9:19:30 PM",95.12804,1,45999888539.8958
"kp","12/8/2025 9:19:30 PM",7,1,45999888539.8958
"ti","12/8/2025 9:19:30 PM",0,1,45999888539.8958
"td","12/8/2025 9:19:30 PM",0,1,45999888539.8958
"setpoint","12/8/2025 9:19:35 PM",100,1,45999888598.0671
"level","12/8/2025 9:19:35 PM",95.64887,1,45999888598.0671
"kp","12/8/2025 9:19:35 PM",7,1,45999888598.0671
"ti","12/8/2025 9:19:35 PM",0,1,45999888598.0671
"td","12/8/2025 9:19:35 PM",0,1,45999888598.0671
"setpoint","12/8/2025 9:19:40 PM",100,1,45999888656.2269
"level","12/8/2025 9:19:40 PM",95.06293,1,45999888656.2269
"kp","12/8/2025 9:19:40 PM",7,1,45999888656.2269
"ti","12/8/2025 9:19:40 PM",0,1,45999888656.2269
"td","12/8/2025 9:19:40 PM",0,1,45999888656.2269
"setpoint","12/8/2025 9:19:45 PM",100,1,45999888714.4444
"level","12/8/2025 9:19:45 PM",95.63802,1,45999888714.4444
"kp","12/8/2025 9:19:45 PM",7.2,1,45999888714.4444
"ti","12/8/2025 9:19:45 PM",0,1,45999888714.4444
"td","12/8/2025 9:19:45 PM",0,1,45999888714.4444
"setpoint","12/8/2025 9:19:50 PM",100,1,45999888772.662
"level","12/8/2025 9:19:50 PM",95.32335,1,45999888772.662
"kp","12/8/2025 9:19:50 PM",7.2,1,45999888772.662
"ti","12/8/2025 9:19:50 PM",0,1,45999888772.662
"td","12/8/2025 9:19:50 PM",0,1,45999888772.662
"setpoint","12/8/2025 9:19:55 PM",100,1,45999888830.8218
"level","12/8/2025 9:19:55 PM",95.61632,1,45999888830.8218
"kp","12/8/2025 9:19:55 PM",7.2,1,45999888830.8218
"ti","12/8/2025 9:19:55 PM",0,1,45999888830.8218
"td","12/8/2025 9:19:55 PM",0,1,45999888830.8218
"setpoint","12/8/2025 9:20:00 PM",100,1,45999888889.0278
"level","12/8/2025 9:20:00 PM",95.39931,1,45999888889.0278
"kp","12/8/2025 9:20:00 PM",7.2,1,45999888889.0278
"ti","12/8/2025 9:20:00 PM",0,1,45999888889.0278
"td","12/8/2025 9:20:00 PM",0,1,45999888889.0278
"setpoint","12/8/2025 9:20:05 PM",100,1,45999888947.1759
"level","12/8/2025 9:20:05 PM",95.51867,1,45999888947.1759
"kp","12/8/2025 9:20:05 PM",7.2,1,45999888947.1759
"ti","12/8/2025 9:20:05 PM",0,1,45999888947.1759
"td","12/8/2025 9:20:05 PM",0,1,45999888947.1759
"setpoint","12/8/2025 9:20:10 PM",100,1,45999889005.3356
"level","12/8/2025 9:20:10 PM",95.50781,1,45999889005.3356
"kp","12/8/2025 9:20:10 PM",7.2,1,45999889005.3356
"ti","12/8/2025 9:20:10 PM",0,1,45999889005.3356
"td","12/8/2025 9:20:10 PM",0,1,45999889005.3356
"setpoint","12/8/2025 9:20:15 PM",100,1,45999889063.4259
"level","12/8/2025 9:20:15 PM",95.42101,1,45999889063.4259
"kp","12/8/2025 9:20:15 PM",7.2,1,45999889063.4259
"ti","12/8/2025 9:20:15 PM",0,1,45999889063.4259
"td","12/8/2025 9:20:15 PM",0,1,45999889063.4259
"setpoint","12/8/2025 9:20:20 PM",100,1,45999889121.5972
"level","12/8/2025 9:20:20 PM",95.62717,1,45999889121.5972
"kp","12/8/2025 9:20:20 PM",7.2,1,45999889121.5972
"ti","12/8/2025 9:20:20 PM",0,1,45999889121.5972
"td","12/8/2025 9:20:20 PM",0,1,45999889121.5972
"setpoint","12/8/2025 9:20:25 PM",100,1,45999889179.8032
"level","12/8/2025 9:20:25 PM",95.3559,1,45999889179.8032
"kp","12/8/2025 9:20:25 PM",7.2,1,45999889179.8032
"ti","12/8/2025 9:20:25 PM",0,1,45999889179.8032
"td","12/8/2025 9:20:25 PM",0,1,45999889179.8032
"setpoint","12/8/2025 9:20:30 PM",100,1,45999889237.963
"level","12/8/2025 9:20:30 PM",95.60547,1,45999889237.963
"kp","12/8/2025 9:20:30 PM",7.2,1,45999889237.963
"ti","12/8/2025 9:20:30 PM",0,1,45999889237.963
"td","12/8/2025 9:20:30 PM",0,1,45999889237.963
"setpoint","12/8/2025 9:20:35 PM",100,1,45999889296.0532
"level","12/8/2025 9:20:35 PM",95.39931,1,45999889296.0532
"kp","12/8/2025 9:20:35 PM",7.2,1,45999889296.0532
"ti","12/8/2025 9:20:35 PM",0,1,45999889296.0532
"td","12/8/2025 9:20:35 PM",0,1,45999889296.0532
"setpoint","12/8/2025 9:20:40 PM",100,1,45999889354.1435
"level","12/8/2025 9:20:40 PM",95.54037,1,45999889354.1435
"kp","12/8/2025 9:20:40 PM",7.2,1,45999889354.1435
"ti","12/8/2025 9:20:40 PM",0,1,45999889354.1435
"td","12/8/2025 9:20:40 PM",0,1,45999889354.1435
"setpoint","12/8/2025 9:20:45 PM",100,1,45999889412.257
"level","12/8/2025 9:20:45 PM",95.47526,1,45999889412.257
"kp","12/8/2025 9:20:45 PM",7.2,1,45999889412.257
"ti","12/8/2025 9:20:45 PM",0,1,45999889412.257
"td","12/8/2025 9:20:45 PM",0,1,45999889412.257
"setpoint","12/8/2025 9:20:50 PM",100,1,45999889470.4167
"level","12/8/2025 9:20:50 PM",95.46441,1,45999889470.4167
"kp","12/8/2025 9:20:50 PM",7.2,1,45999889470.4167
"ti","12/8/2025 9:20:50 PM",0,1,45999889470.4167
"td","12/8/2025 9:20:50 PM",0,1,45999889470.4167
"setpoint","12/8/2025 9:20:55 PM",100,1,45999889528.5995
"level","12/8/2025 9:20:55 PM",95.55122,1,45999889528.5995
"kp","12/8/2025 9:20:55 PM",7.2,1,45999889528.5995
"ti","12/8/2025 9:20:55 PM",0,1,45999889528.5995
"td","12/8/2025 9:20:55 PM",0,1,45999889528.5995
"setpoint","12/8/2025 9:21:00 PM",100,1,45999889586.7361
"level","12/8/2025 9:21:00 PM",95.41016,1,45999889586.7361
"kp","12/8/2025 9:21:00 PM",7.2,1,45999889586.7361
"ti","12/8/2025 9:21:00 PM",0,1,45999889586.7361
"td","12/8/2025 9:21:00 PM",0,1,45999889586.7361
"setpoint","12/8/2025 9:21:05 PM",100,1,45999889644.8148
"level","12/8/2025 9:21:05 PM",95.57292,1,45999889644.8148
"kp","12/8/2025 9:21:05 PM",7.2,1,45999889644.8148
"ti","12/8/2025 9:21:05 PM",0,1,45999889644.8148
"td","12/8/2025 9:21:05 PM",0,1,45999889644.8148
"setpoint","12/8/2025 9:21:10 PM",100,1,45999889702.9514
"level","12/8/2025 9:21:10 PM",95.39931,1,45999889702.9514
"kp","12/8/2025 9:21:10 PM",7.2,1,45999889702.9514
"ti","12/8/2025 9:21:10 PM",0,1,45999889702.9514
"td","12/8/2025 9:21:10 PM",0,1,45999889702.9514
"setpoint","12/8/2025 9:21:15 PM",100,1,45999889761.088
"level","12/8/2025 9:21:15 PM",95.57292,1,45999889761.088
"kp","12/8/2025 9:21:15 PM",7.2,1,45999889761.088
"ti","12/8/2025 9:21:15 PM",0,1,45999889761.088
"td","12/8/2025 9:21:15 PM",0,1,45999889761.088
"setpoint","12/8/2025 9:21:20 PM",100,1,45999889819.2361
"level","12/8/2025 9:21:20 PM",95.43186,1,45999889819.2361
"kp","12/8/2025 9:21:20 PM",7.4,1,45999889819.2361
"ti","12/8/2025 9:21:20 PM",0,1,45999889819.2361
"td","12/8/2025 9:21:20 PM",0,1,45999889819.2361
"setpoint","12/8/2025 9:21:25 PM",100,1,45999889877.3495
"level","12/8/2025 9:21:25 PM",95.63802,1,45999889877.3495
"kp","12/8/2025 9:21:25 PM",7.4,1,45999889877.3495
"ti","12/8/2025 9:21:25 PM",0,1,45999889877.3495
"td","12/8/2025 9:21:25 PM",0,1,45999889877.3495
"setpoint","12/8/2025 9:21:30 PM",100,1,45999889935.544
"level","12/8/2025 9:21:30 PM",95.64887,1,45999889935.544
"kp","12/8/2025 9:21:30 PM",7.4,1,45999889935.544
"ti","12/8/2025 9:21:30 PM",0,1,45999889935.544
"td","12/8/2025 9:21:30 PM",0,1,45999889935.544
"setpoint","12/8/2025 9:21:35 PM",100,1,45999889993.7269
"level","12/8/2025 9:21:35 PM",95.50781,1,45999889993.7269
"kp","12/8/2025 9:21:35 PM",7.4,1,45999889993.7269
"ti","12/8/2025 9:21:35 PM",0,1,45999889993.7269
"td","12/8/2025 9:21:35 PM",0,1,45999889993.7269
"setpoint","12/8/2025 9:21:40 PM",100,1,45999890051.8634
"level","12/8/2025 9:21:40 PM",95.76823,1,45999890051.8634
"kp","12/8/2025 9:21:40 PM",7.4,1,45999890051.8634
"ti","12/8/2025 9:21:40 PM",0,1,45999890051.8634
"td","12/8/2025 9:21:40 PM",0,1,45999890051.8634
"setpoint","12/8/2025 9:21:46 PM",100,1,45999890109.9769
"level","12/8/2025 9:21:46 PM",95.41016,1,45999890109.9769
"kp","12/8/2025 9:21:46 PM",7.4,1,45999890109.9769
"ti","12/8/2025 9:21:46 PM",0,1,45999890109.9769
"td","12/8/2025 9:21:46 PM",0,1,45999890109.9769
"setpoint","12/8/2025 9:21:51 PM",100,1,45999890168.0671
"level","12/8/2025 9:21:51 PM",95.82248,1,45999890168.0671
"kp","12/8/2025 9:21:51 PM",7.4,1,45999890168.0671
"ti","12/8/2025 9:21:51 PM",0,1,45999890168.0671
"td","12/8/2025 9:21:51 PM",0,1,45999890168.0671
"setpoint","12/8/2025 9:21:56 PM",100,1,45999890226.2153
"level","12/8/2025 9:21:56 PM",95.39931,1,45999890226.2153
"kp","12/8/2025 9:21:56 PM",7.4,1,45999890226.2153
"ti","12/8/2025 9:21:56 PM",0,1,45999890226.2153
"td","12/8/2025 9:21:56 PM",0,1,45999890226.2153
"setpoint","12/8/2025 9:22:01 PM",100,1,45999890284.3287
"level","12/8/2025 9:22:01 PM",95.78992,1,45999890284.3287
"kp","12/8/2025 9:22:01 PM",7.4,1,45999890284.3287
"ti","12/8/2025 9:22:01 PM",0,1,45999890284.3287
"td","12/8/2025 9:22:01 PM",0,1,45999890284.3287
"setpoint","12/8/2025 9:22:06 PM",100,1,45999890342.4769
"level","12/8/2025 9:22:06 PM",95.47526,1,45999890342.4769
"kp","12/8/2025 9:22:06 PM",7.4,1,45999890342.4769
"ti","12/8/2025 9:22:06 PM",0,1,45999890342.4769
"td","12/8/2025 9:22:06 PM",0,1,45999890342.4769
"setpoint","12/8/2025 9:22:11 PM",100,1,45999890400.5903
"level","12/8/2025 9:22:11 PM",95.68142,1,45999890400.5903
"kp","12/8/2025 9:22:11 PM",7.4,1,45999890400.5903
"ti","12/8/2025 9:22:11 PM",0,1,45999890400.5903
"td","12/8/2025 9:22:11 PM",0,1,45999890400.5903
"setpoint","12/8/2025 9:22:16 PM",100,1,45999890458.75
"level","12/8/2025 9:22:16 PM",95.60547,1,45999890458.75
"kp","12/8/2025 9:22:16 PM",7.4,1,45999890458.75
"ti","12/8/2025 9:22:16 PM",0,1,45999890458.75
"td","12/8/2025 9:22:16 PM",0,1,45999890458.75
"setpoint","12/8/2025 9:22:21 PM",100,1,45999890516.875
"level","12/8/2025 9:22:21 PM",95.54037,1,45999890516.875
"kp","12/8/2025 9:22:21 PM",7.4,1,45999890516.875
"ti","12/8/2025 9:22:21 PM",0,1,45999890516.875
"td","12/8/2025 9:22:21 PM",0,1,45999890516.875
"setpoint","12/8/2025 9:22:26 PM",100,1,45999890575.0347
"level","12/8/2025 9:22:26 PM",95.74653,1,45999890575.0347
"kp","12/8/2025 9:22:26 PM",7.4,1,45999890575.0347
"ti","12/8/2025 9:22:26 PM",0,1,45999890575.0347
"td","12/8/2025 9:22:26 PM",0,1,45999890575.0347
"setpoint","12/8/2025 9:22:31 PM",100,1,45999890633.206
"level","12/8/2025 9:22:31 PM",95.42101,1,45999890633.206
"kp","12/8/2025 9:22:31 PM",7.4,1,45999890633.206
"ti","12/8/2025 9:22:31 PM",0,1,45999890633.206
"td","12/8/2025 9:22:31 PM",0,1,45999890633.206
"setpoint","12/8/2025 9:22:36 PM",100,1,45999890691.3426
"level","12/8/2025 9:22:36 PM",95.82248,1,45999890691.3426
"kp","12/8/2025 9:22:36 PM",7.4,1,45999890691.3426
"ti","12/8/2025 9:22:36 PM",0,1,45999890691.3426
"td","12/8/2025 9:22:36 PM",0,1,45999890691.3426
"setpoint","12/8/2025 9:22:41 PM",100,1,45999890749.5139
"level","12/8/2025 9:22:41 PM",95.3776,1,45999890749.5139
"kp","12/8/2025 9:22:41 PM",7.4,1,45999890749.5139
"ti","12/8/2025 9:22:41 PM",0,1,45999890749.5139
"td","12/8/2025 9:22:41 PM",0,1,45999890749.5139
"setpoint","12/8/2025 9:22:46 PM",100,1,45999890807.6852
"level","12/8/2025 9:22:46 PM",95.82248,1,45999890807.6852
"kp","12/8/2025 9:22:46 PM",7.4,1,45999890807.6852
"ti","12/8/2025 9:22:46 PM",0,1,45999890807.6852
"td","12/8/2025 9:22:46 PM",0,1,45999890807.6852
"setpoint","12/8/2025 9:22:51 PM",100,1,45999890865.8218
"level","12/8/2025 9:22:51 PM",95.43186,1,45999890865.8218
"kp","12/8/2025 9:22:51 PM",7.4,1,45999890865.8218
"ti","12/8/2025 9:22:51 PM",0,1,45999890865.8218
"td","12/8/2025 9:22:51 PM",0,1,45999890865.8218
"setpoint","12/8/2025 9:22:56 PM",100,1,45999890923.9815
"level","12/8/2025 9:22:56 PM",95.72483,1,45999890923.9815
"kp","12/8/2025 9:22:56 PM",7.4,1,45999890923.9815
"ti","12/8/2025 9:22:56 PM",0,1,45999890923.9815
"td","12/8/2025 9:22:56 PM",0,1,45999890923.9815
"setpoint","12/8/2025 9:23:01 PM",100,1,45999890982.1528
"level","12/8/2025 9:23:01 PM",95.56207,1,45999890982.1528
"kp","12/8/2025 9:23:01 PM",7.4,1,45999890982.1528
"ti","12/8/2025 9:23:01 PM",0,1,45999890982.1528
"td","12/8/2025 9:23:01 PM",0,1,45999890982.1528
"setpoint","12/8/2025 9:23:06 PM",100,1,45999891040.3009
"level","12/8/2025 9:23:06 PM",95.56207,1,45999891040.3009
"kp","12/8/2025 9:23:06 PM",7.4,1,45999891040.3009
"ti","12/8/2025 9:23:06 PM",0,1,45999891040.3009
"td","12/8/2025 9:23:06 PM",0,1,45999891040.3009
"setpoint","12/8/2025 9:23:11 PM",100,1,45999891098.4606
"level","12/8/2025 9:23:11 PM",95.72483,1,45999891098.4606
"kp","12/8/2025 9:23:11 PM",7.4,1,45999891098.4606
"ti","12/8/2025 9:23:11 PM",0,1,45999891098.4606
"td","12/8/2025 9:23:11 PM",0,1,45999891098.4606
"setpoint","12/8/2025 9:23:16 PM",100,1,45999891156.6319
"level","12/8/2025 9:23:16 PM",95.41016,1,45999891156.6319
"kp","12/8/2025 9:23:16 PM",7.4,1,45999891156.6319
"ti","12/8/2025 9:23:16 PM",0,1,45999891156.6319
"td","12/8/2025 9:23:16 PM",0,1,45999891156.6319
"setpoint","12/8/2025 9:23:21 PM",100,1,45999891214.7685
"level","12/8/2025 9:23:21 PM",95.84418,1,45999891214.7685
"kp","12/8/2025 9:23:21 PM",7.4,1,45999891214.7685
"ti","12/8/2025 9:23:21 PM",0,1,45999891214.7685
"td","12/8/2025 9:23:21 PM",0,1,45999891214.7685
"setpoint","12/8/2025 9:23:26 PM",100,1,45999891272.9514
"level","12/8/2025 9:23:26 PM",95.34505,1,45999891272.9514
"kp","12/8/2025 9:23:26 PM",7.4,1,45999891272.9514
"ti","12/8/2025 9:23:26 PM",0,1,45999891272.9514
"td","12/8/2025 9:23:26 PM",0,1,45999891272.9514
"setpoint","12/8/2025 9:23:31 PM",100,1,45999891331.1458
"level","12/8/2025 9:23:31 PM",95.85503,1,45999891331.1458
"kp","12/8/2025 9:23:31 PM",7.4,1,45999891331.1458
"ti","12/8/2025 9:23:31 PM",0,1,45999891331.1458
"td","12/8/2025 9:23:31 PM",0,1,45999891331.1458
"setpoint","12/8/2025 9:23:36 PM",100,1,45999891389.294
"level","12/8/2025 9:23:36 PM",95.38845,1,45999891389.294
"kp","12/8/2025 9:23:36 PM",7.4,1,45999891389.294
"ti","12/8/2025 9:23:36 PM",0,1,45999891389.294
"td","12/8/2025 9:23:36 PM",0,1,45999891389.294
"setpoint","12/8/2025 9:23:41 PM",100,1,45999891447.4421
"level","12/8/2025 9:23:41 PM",95.76823,1,45999891447.4421
"kp","12/8/2025 9:23:41 PM",7.4,1,45999891447.4421
"ti","12/8/2025 9:23:41 PM",0,1,45999891447.4421
"td","12/8/2025 9:23:41 PM",0,1,45999891447.4421
"setpoint","12/8/2025 9:23:46 PM",100,1,45999891505.6597
"level","12/8/2025 9:23:46 PM",95.51867,1,45999891505.6597
"kp","12/8/2025 9:23:46 PM",7.4,1,45999891505.6597
"ti","12/8/2025 9:23:46 PM",0,1,45999891505.6597
"td","12/8/2025 9:23:46 PM",0,1,45999891505.6597
"setpoint","12/8/2025 9:23:51 PM",100,1,45999891563.8426
"level","12/8/2025 9:23:51 PM",95.60547,1,45999891563.8426
"kp","12/8/2025 9:23:51 PM",7.4,1,45999891563.8426
"ti","12/8/2025 9:23:51 PM",0,1,45999891563.8426
"td","12/8/2025 9:23:51 PM",0,1,45999891563.8426
"setpoint","12/8/2025 9:23:56 PM",100,1,45999891622.0602
"level","12/8/2025 9:23:56 PM",95.70313,1,45999891622.0602
"kp","12/8/2025 9:23:56 PM",7.4,1,45999891622.0602
"ti","12/8/2025 9:23:56 PM",0,1,45999891622.0602
"td","12/8/2025 9:23:56 PM",0,1,45999891622.0602
"setpoint","12/8/2025 9:24:01 PM",100,1,45999891680.2083
"level","12/8/2025 9:24:01 PM",95.43186,1,45999891680.2083
"kp","12/8/2025 9:24:01 PM",7.4,1,45999891680.2083
"ti","12/8/2025 9:24:01 PM",0,1,45999891680.2083
"td","12/8/2025 9:24:01 PM",0,1,45999891680.2083
"setpoint","12/8/2025 9:24:06 PM",100,1,45999891738.3912
"level","12/8/2025 9:24:06 PM",95.83334,1,45999891738.3912
"kp","12/8/2025 9:24:06 PM",7.4,1,45999891738.3912
"ti","12/8/2025 9:24:06 PM",0,1,45999891738.3912
"td","12/8/2025 9:24:06 PM",0,1,45999891738.3912
"setpoint","12/8/2025 9:24:11 PM",100,1,45999891796.5741
"level","12/8/2025 9:24:11 PM",95.33421,1,45999891796.5741
"kp","12/8/2025 9:24:11 PM",7.4,1,45999891796.5741
"ti","12/8/2025 9:24:11 PM",0,1,45999891796.5741
"td","12/8/2025 9:24:11 PM",0,1,45999891796.5741
"setpoint","12/8/2025 9:24:16 PM",100,1,45999891854.7685
"level","12/8/2025 9:24:16 PM",95.88759,1,45999891854.7685
"kp","12/8/2025 9:24:16 PM",7.4,1,45999891854.7685
"ti","12/8/2025 9:24:16 PM",0,1,45999891854.7685
"td","12/8/2025 9:24:16 PM",0,1,45999891854.7685
"setpoint","12/8/2025 9:24:21 PM",100,1,45999891912.8935
"level","12/8/2025 9:24:21 PM",95.34505,1,45999891912.8935
"kp","12/8/2025 9:24:21 PM",7.4,1,45999891912.8935
"ti","12/8/2025 9:24:21 PM",0,1,45999891912.8935
"td","12/8/2025 9:24:21 PM",0,1,45999891912.8935
"setpoint","12/8/2025 9:24:26 PM",100,1,45999891971.0764
"level","12/8/2025 9:24:26 PM",95.82248,1,45999891971.0764
"kp","12/8/2025 9:24:26 PM",7.4,1,45999891971.0764
"ti","12/8/2025 9:24:26 PM",0,1,45999891971.0764
"td","12/8/2025 9:24:26 PM",0,1,45999891971.0764
"setpoint","12/8/2025 9:24:31 PM",100,1,45999892029.2477
"level","12/8/2025 9:24:31 PM",95.46441,1,45999892029.2477
"kp","12/8/2025 9:24:31 PM",7.4,1,45999892029.2477
"ti","12/8/2025 9:24:31 PM",0,1,45999892029.2477
"td","12/8/2025 9:24:31 PM",0,1,45999892029.2477
"setpoint","12/8/2025 9:24:36 PM",100,1,45999892087.4306
"level","12/8/2025 9:24:36 PM",95.64887,1,45999892087.4306
"kp","12/8/2025 9:24:36 PM",7.4,1,45999892087.4306
"ti","12/8/2025 9:24:36 PM",0,1,45999892087.4306
"td","12/8/2025 9:24:36 PM",0,1,45999892087.4306
"setpoint","12/8/2025 9:24:41 PM",100,1,45999892145.6366
"level","12/8/2025 9:24:41 PM",95.65972,1,45999892145.6366
"kp","12/8/2025 9:24:41 PM",4.44,1,45999892145.6366
"ti","12/8/2025 9:24:41 PM",0,1,45999892145.6366
"td","12/8/2025 9:24:41 PM",0,1,45999892145.6366
"setpoint","12/8/2025 9:24:46 PM",100,1,45999892203.7963
"level","12/8/2025 9:24:46 PM",93.81511,1,45999892203.7963
"kp","12/8/2025 9:24:46 PM",4.44,1,45999892203.7963
"ti","12/8/2025 9:24:46 PM",7.5,1,45999892203.7963
"td","12/8/2025 9:24:46 PM",0,1,45999892203.7963
"setpoint","12/8/2025 9:24:51 PM",100,1,45999892261.9445
"level","12/8/2025 9:24:51 PM",94.01041,1,45999892261.9445
"kp","12/8/2025 9:24:51 PM",4.44,1,45999892261.9445
"ti","12/8/2025 9:24:51 PM",1.875,1,45999892261.9445
"td","12/8/2025 9:24:51 PM",0,1,45999892261.9445
"setpoint","12/8/2025 9:24:56 PM",100,1,45999892320.1042
"level","12/8/2025 9:24:56 PM",107.8342,1,45999892320.1042
"kp","12/8/2025 9:24:56 PM",4.44,1,45999892320.1042
"ti","12/8/2025 9:24:56 PM",1.875,1,45999892320.1042
"td","12/8/2025 9:24:56 PM",0,1,45999892320.1042
"setpoint","12/8/2025 9:25:02 PM",100,1,45999892379.537
"level","12/8/2025 9:25:02 PM",105.3277,1,45999892379.537
"kp","12/8/2025 9:25:02 PM",4.44,1,45999892379.537
"ti","12/8/2025 9:25:02 PM",1.875,1,45999892379.537
"td","12/8/2025 9:25:02 PM",0,1,45999892379.537
"setpoint","12/8/2025 9:25:07 PM",100,1,45999892437.9861
"level","12/8/2025 9:25:07 PM",96.61458,1,45999892437.9861
"kp","12/8/2025 9:25:07 PM",4.44,1,45999892437.9861
"ti","12/8/2025 9:25:07 PM",1.875,1,45999892437.9861
"td","12/8/2025 9:25:07 PM",0,1,45999892437.9861
"setpoint","12/8/2025 9:25:12 PM",100,1,45999892496.1806
"level","12/8/2025 9:25:12 PM",99.78298,1,45999892496.1806
"kp","12/8/2025 9:25:12 PM",4.44,1,45999892496.1806
"ti","12/8/2025 9:25:12 PM",1.875,1,45999892496.1806
"td","12/8/2025 9:25:12 PM",0,1,45999892496.1806
"setpoint","12/8/2025 9:25:17 PM",100,1,45999892554.3403
"level","12/8/2025 9:25:17 PM",111.8815,1,45999892554.3403
"kp","12/8/2025 9:25:17 PM",4.44,1,45999892554.3403
"ti","12/8/2025 9:25:17 PM",1.875,1,45999892554.3403
"td","12/8/2025 9:25:17 PM",0,1,45999892554.3403
"setpoint","12/8/2025 9:25:22 PM",100,1,45999892612.5231
"level","12/8/2025 9:25:22 PM",102.2352,1,45999892612.5231
"kp","12/8/2025 9:25:22 PM",4.44,1,45999892612.5231
"ti","12/8/2025 9:25:22 PM",1.875,1,45999892612.5231
"td","12/8/2025 9:25:22 PM",0,1,45999892612.5231
"setpoint","12/8/2025 9:25:27 PM",100,1,45999892670.6366
"level","12/8/2025 9:25:27 PM",94.80251,1,45999892670.6366
"kp","12/8/2025 9:25:27 PM",4.44,1,45999892670.6366
"ti","12/8/2025 9:25:27 PM",1.875,1,45999892670.6366
"td","12/8/2025 9:25:27 PM",0,1,45999892670.6366
"setpoint","12/8/2025 9:25:32 PM",100,1,45999892728.831
"level","12/8/2025 9:25:32 PM",106.3694,1,45999892728.831
"kp","12/8/2025 9:25:32 PM",4.44,1,45999892728.831
"ti","12/8/2025 9:25:32 PM",1.875,1,45999892728.831
"td","12/8/2025 9:25:32 PM",0,1,45999892728.831
"setpoint","12/8/2025 9:25:37 PM",100,1,45999892786.9792
"level","12/8/2025 9:25:37 PM",108.4093,1,45999892786.9792
"kp","12/8/2025 9:25:37 PM",4.44,1,45999892786.9792
"ti","12/8/2025 9:25:37 PM",1.875,1,45999892786.9792
"td","12/8/2025 9:25:37 PM",0,1,45999892786.9792
"setpoint","12/8/2025 9:25:42 PM",100,1,45999892845.162
"level","12/8/2025 9:25:42 PM",99.42491,1,45999892845.162
"kp","12/8/2025 9:25:42 PM",4.44,1,45999892845.162
"ti","12/8/2025 9:25:42 PM",1.875,1,45999892845.162
"td","12/8/2025 9:25:42 PM",0,1,45999892845.162
"setpoint","12/8/2025 9:25:47 PM",0,1,45999892903.3681
"level","12/8/2025 9:25:47 PM",92.20921,1,45999892903.3681
"kp","12/8/2025 9:25:47 PM",4.44,1,45999892903.3681
"ti","12/8/2025 9:25:47 PM",1.875,1,45999892903.3681
"td","12/8/2025 9:25:47 PM",0,1,45999892903.3681
"setpoint","12/8/2025 9:25:52 PM",0,1,45999892961.5278
"level","12/8/2025 9:25:52 PM",84.29905,1,45999892961.5278
"kp","12/8/2025 9:25:52 PM",4.44,1,45999892961.5278
"ti","12/8/2025 9:25:52 PM",1.875,1,45999892961.5278
"td","12/8/2025 9:25:52 PM",0,1,45999892961.5278
"setpoint","12/8/2025 9:25:57 PM",0,1,45999893019.6644
"level","12/8/2025 9:25:57 PM",76.88802,1,45999893019.6644
"kp","12/8/2025 9:25:57 PM",4.44,1,45999893019.6644
"ti","12/8/2025 9:25:57 PM",1.875,1,45999893019.6644
"td","12/8/2025 9:25:57 PM",0,1,45999893019.6644
"setpoint","12/8/2025 9:26:02 PM",0,1,45999893077.8357
"level","12/8/2025 9:26:02 PM",69.97613,1,45999893077.8357
"kp","12/8/2025 9:26:02 PM",4.44,1,45999893077.8357
"ti","12/8/2025 9:26:02 PM",1.875,1,45999893077.8357
"td","12/8/2025 9:26:02 PM",0,1,45999893077.8357
"setpoint","12/8/2025 9:26:07 PM",0,1,45999893136.007
"level","12/8/2025 9:26:07 PM",63.60677,1,45999893136.007
"kp","12/8/2025 9:26:07 PM",4.44,1,45999893136.007
"ti","12/8/2025 9:26:07 PM",1.875,1,45999893136.007
"td","12/8/2025 9:26:07 PM",0,1,45999893136.007
"setpoint","12/8/2025 9:26:12 PM",0,1,45999893194.0972
"level","12/8/2025 9:26:12 PM",57.68229,1,45999893194.0972
"kp","12/8/2025 9:26:12 PM",4.44,1,45999893194.0972
"ti","12/8/2025 9:26:12 PM",7.5,1,45999893194.0972
"td","12/8/2025 9:26:12 PM",0,1,45999893194.0972
"$RT_OFF$","12/8/2025 9:26:14 PM",0,2,45999893221.9097
"setpoint","12/8/2025 9:26:37 PM",0,1,45999893485.8912
"level","12/8/2025 9:26:37 PM",34.73307,1,45999893485.8912
"kp","12/8/2025 9:26:37 PM",4.44,1,45999893485.8912
"ti","12/8/2025 9:26:37 PM",7.5,1,45999893485.8912
"td","12/8/2025 9:26:37 PM",0,1,45999893485.8912
"setpoint","12/8/2025 9:26:42 PM",0,1,45999893544.0856
"level","12/8/2025 9:26:42 PM",31.33681,1,45999893544.0856
"kp","12/8/2025 9:26:42 PM",4.44,1,45999893544.0856
"ti","12/8/2025 9:26:42 PM",7.5,1,45999893544.0856
"td","12/8/2025 9:26:42 PM",1.875,1,45999893544.0856
"setpoint","12/8/2025 9:26:47 PM",0,1,45999893602.8356
"level","12/8/2025 9:26:47 PM",28.33116,1,45999893602.8356
"kp","12/8/2025 9:26:47 PM",4.44,1,45999893602.8356
"ti","12/8/2025 9:26:47 PM",7.5,1,45999893602.8356
"td","12/8/2025 9:26:47 PM",1.875,1,45999893602.8356
"$RT_OFF$","12/8/2025 9:26:50 PM",0,2,45999893632.1991
"setpoint","12/8/2025 9:27:34 PM",0,1,45999894146.0995
"level","12/8/2025 9:27:34 PM",13.11849,1,45999894146.0995
"kp","12/8/2025 9:27:34 PM",4.44,1,45999894146.0995
"ti","12/8/2025 9:27:34 PM",7.5,1,45999894146.0995
"td","12/8/2025 9:27:34 PM",1.875,1,45999894146.0995
"setpoint","12/8/2025 9:27:39 PM",0,1,45999894204.2824
"level","12/8/2025 9:27:39 PM",12.42404,1,45999894204.2824
"kp","12/8/2025 9:27:39 PM",4.44,1,45999894204.2824
"ti","12/8/2025 9:27:39 PM",7.5,1,45999894204.2824
"td","12/8/2025 9:27:39 PM",1.875,1,45999894204.2824
"setpoint","12/8/2025 9:27:44 PM",0,1,45999894262.4653
"level","12/8/2025 9:27:44 PM",11.83811,1,45999894262.4653
"kp","12/8/2025 9:27:44 PM",4.44,1,45999894262.4653
"ti","12/8/2025 9:27:44 PM",7.5,1,45999894262.4653
"td","12/8/2025 9:27:44 PM",1.875,1,45999894262.4653
"setpoint","12/8/2025 9:27:49 PM",0,1,45999894320.6366
"level","12/8/2025 9:27:49 PM",11.34983,1,45999894320.6366
"kp","12/8/2025 9:27:49 PM",4.44,1,45999894320.6366
"ti","12/8/2025 9:27:49 PM",7.5,1,45999894320.6366
"td","12/8/2025 9:27:49 PM",1.875,1,45999894320.6366
"setpoint","12/8/2025 9:27:54 PM",0,1,45999894378.8194
"level","12/8/2025 9:27:54 PM",10.94835,1,45999894378.8194
"kp","12/8/2025 9:27:54 PM",4.44,1,45999894378.8194
"ti","12/8/2025 9:27:54 PM",7.5,1,45999894378.8194
"td","12/8/2025 9:27:54 PM",1.875,1,45999894378.8194
"setpoint","12/8/2025 9:27:59 PM",0,1,45999894436.9792
"level","12/8/2025 9:27:59 PM",10.60113,1,45999894436.9792
"kp","12/8/2025 9:27:59 PM",4.44,1,45999894436.9792
"ti","12/8/2025 9:27:59 PM",7.5,1,45999894436.9792
"td","12/8/2025 9:27:59 PM",1.875,1,45999894436.9792
"setpoint","12/8/2025 9:28:05 PM",0,1,45999894498.8426
"level","12/8/2025 9:28:05 PM",10.27561,1,45999894498.8426
"kp","12/8/2025 9:28:05 PM",4.44,1,45999894498.8426
"ti","12/8/2025 9:28:05 PM",7.5,1,45999894498.8426
"td","12/8/2025 9:28:05 PM",1.875,1,45999894498.8426
"setpoint","12/8/2025 9:28:10 PM",0,1,45999894560.0347
"level","12/8/2025 9:28:10 PM",10.05859,1,45999894560.0347
"kp","12/8/2025 9:28:10 PM",4.44,1,45999894560.0347
"ti","12/8/2025 9:28:10 PM",7.5,1,45999894560.0347
"td","12/8/2025 9:28:10 PM",1.875,1,45999894560.0347
"setpoint","12/8/2025 9:28:15 PM",0,1,45999894618.2523
"level","12/8/2025 9:28:15 PM",9.874132,1,45999894618.2523
"kp","12/8/2025 9:28:15 PM",4.44,1,45999894618.2523
"ti","12/8/2025 9:28:15 PM",7.5,1,45999894618.2523
"td","12/8/2025 9:28:15 PM",1.875,1,45999894618.2523
"setpoint","12/8/2025 9:28:20 PM",0,1,45999894680.0347
"level","12/8/2025 9:28:20 PM",0,1,45999894680.0347
"kp","12/8/2025 9:28:20 PM",4.44,1,45999894680.0347
"ti","12/8/2025 9:28:20 PM",7.5,1,45999894680.0347
"td","12/8/2025 9:28:20 PM",1.875,1,45999894680.0347
"setpoint","12/8/2025 9:28:26 PM",0,1,45999894739.6644
"level","12/8/2025 9:28:26 PM",9.559463,1,45999894739.6644
"kp","12/8/2025 9:28:26 PM",4.44,1,45999894739.6644
"ti","12/8/2025 9:28:26 PM",7.5,1,45999894739.6644
"td","12/8/2025 9:28:26 PM",1.875,1,45999894739.6644
"setpoint","12/8/2025 9:28:31 PM",0,1,45999894798.4491
"level","12/8/2025 9:28:31 PM",9.450954,1,45999894798.4491
"kp","12/8/2025 9:28:31 PM",4.44,1,45999894798.4491
"ti","12/8/2025 9:28:31 PM",7.5,1,45999894798.4491
"td","12/8/2025 9:28:31 PM",1.875,1,45999894798.4491
"setpoint","12/8/2025 9:28:36 PM",0,1,45999894859.6412
"level","12/8/2025 9:28:36 PM",9.364149,1,45999894859.6412
"kp","12/8/2025 9:28:36 PM",4.44,1,45999894859.6412
"ti","12/8/2025 9:28:36 PM",7.5,1,45999894859.6412
"td","12/8/2025 9:28:36 PM",1.875,1,45999894859.6412
"setpoint","12/8/2025 9:28:41 PM",0,1,45999894917.7894
"level","12/8/2025 9:28:41 PM",9.309896,1,45999894917.7894
"kp","12/8/2025 9:28:41 PM",4.44,1,45999894917.7894
"ti","12/8/2025 9:28:41 PM",7.5,1,45999894917.7894
"td","12/8/2025 9:28:41 PM",1.875,1,45999894917.7894
"setpoint","12/8/2025 9:28:46 PM",0,1,45999894975.9838
"level","12/8/2025 9:28:46 PM",9.255642,1,45999894975.9838
"kp","12/8/2025 9:28:46 PM",4.44,1,45999894975.9838
"ti","12/8/2025 9:28:46 PM",7.5,1,45999894975.9838
"td","12/8/2025 9:28:46 PM",1.875,1,45999894975.9838
"setpoint","12/8/2025 9:28:51 PM",0,1,45999895034.1898
"level","12/8/2025 9:28:51 PM",9.22309,1,45999895034.1898
"kp","12/8/2025 9:28:51 PM",4.44,1,45999895034.1898
"ti","12/8/2025 9:28:51 PM",7.5,1,45999895034.1898
"td","12/8/2025 9:28:51 PM",1.875,1,45999895034.1898
"$RT_OFF$","12/8/2025 9:28:52 PM",0,2,45999895047.7199
"setpoint","12/8/2025 9:29:13 PM",0,1,45999895284.1551
"level","12/8/2025 9:29:13 PM",9.125434,1,45999895284.1551
"kp","12/8/2025 9:29:13 PM",4.44,1,45999895284.1551
"ti","12/8/2025 9:29:13 PM",7.5,1,45999895284.1551
"td","12/8/2025 9:29:13 PM",1.875,1,45999895284.1551
"setpoint","12/8/2025 9:29:18 PM",100,1,45999895342.3611
"level","12/8/2025 9:29:18 PM",9.103732,1,45999895342.3611
"kp","12/8/2025 9:29:18 PM",4.44,1,45999895342.3611
"ti","12/8/2025 9:29:18 PM",7.5,1,45999895342.3611
"td","12/8/2025 9:29:18 PM",1.875,1,45999895342.3611
"setpoint","12/8/2025 9:29:23 PM",100,1,45999895400.5556
"level","12/8/2025 9:29:23 PM",32.70399,1,45999895400.5556
"kp","12/8/2025 9:29:23 PM",4.44,1,45999895400.5556
"ti","12/8/2025 9:29:23 PM",7.5,1,45999895400.5556
"td","12/8/2025 9:29:23 PM",1.875,1,45999895400.5556
"setpoint","12/8/2025 9:29:28 PM",100,1,45999895460.1157
"level","12/8/2025 9:29:28 PM",61.44748,1,45999895460.1157
"kp","12/8/2025 9:29:28 PM",4.44,1,45999895460.1157
"ti","12/8/2025 9:29:28 PM",7.5,1,45999895460.1157
"td","12/8/2025 9:29:28 PM",1.875,1,45999895460.1157
"setpoint","12/8/2025 9:29:33 PM",100,1,45999895518.2755
"level","12/8/2025 9:29:33 PM",87.97743,1,45999895518.2755
"kp","12/8/2025 9:29:33 PM",4.44,1,45999895518.2755
"ti","12/8/2025 9:29:33 PM",7.5,1,45999895518.2755
"td","12/8/2025 9:29:33 PM",1.875,1,45999895518.2755
"setpoint","12/8/2025 9:29:38 PM",100,1,45999895576.412
"level","12/8/2025 9:29:38 PM",104.6767,1,45999895576.412
"kp","12/8/2025 9:29:38 PM",4.44,1,45999895576.412
"ti","12/8/2025 9:29:38 PM",7.5,1,45999895576.412
"td","12/8/2025 9:29:38 PM",1.875,1,45999895576.412
"setpoint","12/8/2025 9:29:43 PM",100,1,45999895634.5949
"level","12/8/2025 9:29:43 PM",105.523,1,45999895634.5949
"kp","12/8/2025 9:29:43 PM",4.44,1,45999895634.5949
"ti","12/8/2025 9:29:43 PM",7.5,1,45999895634.5949
"td","12/8/2025 9:29:43 PM",1.875,1,45999895634.5949
"setpoint","12/8/2025 9:29:48 PM",100,1,45999895692.7778
"level","12/8/2025 9:29:48 PM",102.7344,1,45999895692.7778
"kp","12/8/2025 9:29:48 PM",4.44,1,45999895692.7778
"ti","12/8/2025 9:29:48 PM",7.5,1,45999895692.7778
"td","12/8/2025 9:29:48 PM",1.875,1,45999895692.7778
"setpoint","12/8/2025 9:29:53 PM",100,1,45999895750.9375
"level","12/8/2025 9:29:53 PM",101.6385,1,45999895750.9375
"kp","12/8/2025 9:29:53 PM",4.44,1,45999895750.9375
"ti","12/8/2025 9:29:53 PM",7.5,1,45999895750.9375
"td","12/8/2025 9:29:53 PM",1.875,1,45999895750.9375
"setpoint","12/8/2025 9:29:58 PM",100,1,45999895809.0741
"level","12/8/2025 9:29:58 PM",99.52257,1,45999895809.0741
"kp","12/8/2025 9:29:58 PM",4.44,1,45999895809.0741
"ti","12/8/2025 9:29:58 PM",7.5,1,45999895809.0741
"td","12/8/2025 9:29:58 PM",1.875,1,45999895809.0741
"setpoint","12/8/2025 9:30:03 PM",100,1,45999895867.2338
"level","12/8/2025 9:30:03 PM",99.89149,1,45999895867.2338
"kp","12/8/2025 9:30:03 PM",4.44,1,45999895867.2338
"ti","12/8/2025 9:30:03 PM",7.5,1,45999895867.2338
"td","12/8/2025 9:30:03 PM",1.875,1,45999895867.2338
"setpoint","12/8/2025 9:30:08 PM",100,1,45999895925.4745
"level","12/8/2025 9:30:08 PM",99.80469,1,45999895925.4745
"kp","12/8/2025 9:30:08 PM",4.44,1,45999895925.4745
"ti","12/8/2025 9:30:08 PM",7.5,1,45999895925.4745
"td","12/8/2025 9:30:08 PM",1.875,1,45999895925.4745
"setpoint","12/8/2025 9:30:13 PM",100,1,45999895983.669
"level","12/8/2025 9:30:13 PM",99.76128,1,45999895983.669
"kp","12/8/2025 9:30:13 PM",4.44,1,45999895983.669
"ti","12/8/2025 9:30:13 PM",7.5,1,45999895983.669
"td","12/8/2025 9:30:13 PM",1.875,1,45999895983.669
"setpoint","12/8/2025 9:30:18 PM",100,1,45999896041.8287
"level","12/8/2025 9:30:18 PM",100.1519,1,45999896041.8287
"kp","12/8/2025 9:30:18 PM",4.44,1,45999896041.8287
"ti","12/8/2025 9:30:18 PM",7.5,1,45999896041.8287
"td","12/8/2025 9:30:18 PM",1.875,1,45999896041.8287
"setpoint","12/8/2025 9:30:23 PM",100,1,45999896099.9769
"level","12/8/2025 9:30:23 PM",99.89149,1,45999896099.9769
"kp","12/8/2025 9:30:23 PM",4.44,1,45999896099.9769
"ti","12/8/2025 9:30:23 PM",7.5,1,45999896099.9769
"td","12/8/2025 9:30:23 PM",1.875,1,45999896099.9769
"setpoint","12/8/2025 9:30:28 PM",100,1,45999896158.1366
"level","12/8/2025 9:30:28 PM",100.0651,1,45999896158.1366
"kp","12/8/2025 9:30:28 PM",4.44,1,45999896158.1366
"ti","12/8/2025 9:30:28 PM",7.5,1,45999896158.1366
"td","12/8/2025 9:30:28 PM",1.875,1,45999896158.1366
"setpoint","12/8/2025 9:30:33 PM",100,1,45999896216.4005
"level","12/8/2025 9:30:33 PM",100.0217,1,45999896216.4005
"kp","12/8/2025 9:30:33 PM",4.44,1,45999896216.4005
"ti","12/8/2025 9:30:33 PM",7.5,1,45999896216.4005
"td","12/8/2025 9:30:33 PM",1.875,1,45999896216.4005
"setpoint","12/8/2025 9:30:38 PM",100,1,45999896274.5602
"level","12/8/2025 9:30:38 PM",99.9566,1,45999896274.5602
"kp","12/8/2025 9:30:38 PM",4.44,1,45999896274.5602
"ti","12/8/2025 9:30:38 PM",7.5,1,45999896274.5602
"td","12/8/2025 9:30:38 PM",1.875,1,45999896274.5602
"setpoint","12/8/2025 9:30:43 PM",100,1,45999896332.7546
"level","12/8/2025 9:30:43 PM",100.0434,1,45999896332.7546
"kp","12/8/2025 9:30:43 PM",4.44,1,45999896332.7546
"ti","12/8/2025 9:30:43 PM",7.5,1,45999896332.7546
"td","12/8/2025 9:30:43 PM",1.875,1,45999896332.7546
"setpoint","12/8/2025 9:30:48 PM",100,1,45999896390.9375
"level","12/8/2025 9:30:48 PM",99.96745,1,45999896390.9375
"kp","12/8/2025 9:30:48 PM",4.44,1,45999896390.9375
"ti","12/8/2025 9:30:48 PM",7.5,1,45999896390.9375
"td","12/8/2025 9:30:48 PM",1.875,1,45999896390.9375
"setpoint","12/8/2025 9:30:53 PM",100,1,45999896449.1204
"level","12/8/2025 9:30:53 PM",100.0108,1,45999896449.1204
"kp","12/8/2025 9:30:53 PM",4.44,1,45999896449.1204
"ti","12/8/2025 9:30:53 PM",7.5,1,45999896449.1204
"td","12/8/2025 9:30:53 PM",1.875,1,45999896449.1204
"$RT_OFF$","12/8/2025 9:30:54 PM",0,2,45999896460.3935
"$RT_COUNT$",756,,,,